Name," Url"
88 Hotdog & Juicy,https://www.yelp.com/adredir?ad_business_id=q8QnXC1jgonmFBinZUk75w&campaign_id=oHkJCvzY3bynVBp1h7MNaw&click_origin=search_results&placement=vertical_0&placement_slot=0&redirect_url=https%3A%2F%2Fwww.yelp.com%2Fbiz%2F88-hotdog-and-juicy-los-angeles-5&request_id=728bff5dfc97c248&signature=46ef523bbd42843e7a6388a5c453cd1cc6398887ee0e2ee34cd322640ccae824&slot=1
1. Corn Man,https://www.yelp.com/biz/corn-man-los-angeles-3?osq=Restaurants
2. Mocha City,https://www.yelp.com/biz/mocha-city-los-angeles?osq=Restaurants
3. JAPAN HOUSE Los Angeles,https://www.yelp.com/biz/japan-house-los-angeles-los-angeles-2?osq=Restaurants
4. musō coffee,https://www.yelp.com/biz/mus%C5%8D-coffee-los-angeles?osq=Restaurants
5. Chin’s Hawaiian Teriyaki Bbq Chicken,https://www.yelp.com/biz/chins-hawaiian-teriyaki-bbq-chicken-los-angeles?osq=Restaurants
6. Ô Banh Mi,https://www.yelp.com/biz/%C3%B4-banh-mi-los-angeles?osq=Restaurants
7. Jin Chinese Kitchen,https://www.yelp.com/biz/jin-chinese-kitchen-los-angeles?osq=Restaurants
8. Rice & Nori,https://www.yelp.com/biz/rice-and-nori-los-angeles?osq=Restaurants
9. Tigawok,https://www.yelp.com/biz/tigawok-los-angeles-4?osq=Restaurants
10. Camel,https://www.yelp.com/biz/camel-los-angeles-2?osq=Restaurants
88 Hotdog & Juicy,https://www.yelp.com/adredir?ad_business_id=q8QnXC1jgonmFBinZUk75w&campaign_id=oHkJCvzY3bynVBp1h7MNaw&click_origin=search_results&placement=vertical_0&placement_slot=0&redirect_url=https%3A%2F%2Fwww.yelp.com%2Fbiz%2F88-hotdog-and-juicy-los-angeles-5&request_id=e0aee6ede39f1c3e&signature=8714192bcf2cb9495eaa2e93c33944aed201ae5482ef75fb902beab73499f38d&slot=0
11. Kzone Cafeteria,https://www.yelp.com/biz/kzone-cafeteria-los-angeles?osq=Restaurants
12. Tacos Guelaguetza,https://www.yelp.com/biz/tacos-guelaguetza-los-angeles?osq=Restaurants
13. City Tacos,https://www.yelp.com/biz/city-tacos-los-angeles-2?osq=Restaurants
14. Mr. Mustache,https://www.yelp.com/biz/mr-mustache-los-angeles?osq=Restaurants
15. El Patroncito Mexican Cuisine,https://www.yelp.com/biz/el-patroncito-mexican-cuisine-los-angeles?osq=Restaurants
16. HiFi Kitchen,https://www.yelp.com/biz/hifi-kitchen-los-angeles?osq=Restaurants
17. Milpa Kitchen,https://www.yelp.com/biz/milpa-kitchen-los-angeles-2?osq=Restaurants
18. Nonna’s Empanadas,https://www.yelp.com/biz/nonnas-empanadas-los-angeles-2?osq=Restaurants
19. Leo’s Tacos Truck,https://www.yelp.com/biz/leos-tacos-truck-los-angeles-11?osq=Restaurants
20. Guisados DTLA,https://www.yelp.com/biz/guisados-dtla-los-angeles-2?osq=Restaurants
88 Hotdog & Juicy,https://www.yelp.com/adredir?ad_business_id=q8QnXC1jgonmFBinZUk75w&campaign_id=oHkJCvzY3bynVBp1h7MNaw&click_origin=search_results&placement=vertical_0&placement_slot=0&redirect_url=https%3A%2F%2Fwww.yelp.com%2Fbiz%2F88-hotdog-and-juicy-los-angeles-5&request_id=317ad2c48e8b56b1&signature=c55320880b2b2055e73dc4d09f704212b483ae737957929da61b94a42155ed36&slot=1
21. 3 Sister’s Bbq & Sandwich,https://www.yelp.com/biz/3-sisters-bbq-and-sandwich-los-angeles?osq=Restaurants
22. Monarca Pasta & Grill,https://www.yelp.com/biz/monarca-pasta-and-grill-los-angeles?osq=Restaurants
23. The Kimbap,https://www.yelp.com/biz/the-kimbap-los-angeles-2?osq=Restaurants
24. Alejandra’s Quesadilla Cart,https://www.yelp.com/biz/alejandra-s-quesadilla-cart-los-angeles?osq=Restaurants
25. Everytable,https://www.yelp.com/biz/everytable-los-angeles?osq=Restaurants
26. Qin West Noodle,https://www.yelp.com/biz/qin-west-noodle-los-angeles-2?osq=Restaurants
27. Amphai Northern Thai Food,https://www.yelp.com/biz/amphai-northern-thai-food-los-angeles-2?osq=Restaurants
28. Restaurante y pupuseria El Mana,https://www.yelp.com/biz/restaurante-y-pupuseria-el-mana-los-angeles-2?osq=Restaurants
29. Cantinho Brasileiro,https://www.yelp.com/biz/cantinho-brasileiro-los-angeles?osq=Restaurants
30. NY Crust Pizza,https://www.yelp.com/biz/ny-crust-pizza-los-angeles-6?osq=Restaurants
88 Hotdog & Juicy,https://www.yelp.com/adredir?ad_business_id=q8QnXC1jgonmFBinZUk75w&campaign_id=oHkJCvzY3bynVBp1h7MNaw&click_origin=search_results&placement=vertical_0&placement_slot=0&redirect_url=https%3A%2F%2Fwww.yelp.com%2Fbiz%2F88-hotdog-and-juicy-los-angeles-5&request_id=6b9d4fc95068156e&signature=9c221ef38471c78a78a53c695fa2f8704f79deb46b63994bd91e35e03ce3165a&slot=2
31. LA Yimone,https://www.yelp.com/biz/la-yimone-los-angeles?osq=Restaurants
32. Guac Daddy Taqueria,https://www.yelp.com/biz/guac-daddy-taqueria-los-angeles?osq=Restaurants
33. Imperial Chopsticks,https://www.yelp.com/biz/imperial-chopsticks-los-angeles?osq=Restaurants
34. SUPAMU Okinawa Onigiri,https://www.yelp.com/biz/supamu-okinawa-onigiri-los-angeles-3?osq=Restaurants
35. El Cartel,https://www.yelp.com/biz/el-cartel-los-angeles?osq=Restaurants
36. On The Menu,https://www.yelp.com/biz/on-the-menu-los-angeles-4?osq=Restaurants
37. Tacos Dorados,https://www.yelp.com/biz/tacos-dorados-los-angeles?osq=Restaurants
38. The Trails,https://www.yelp.com/biz/the-trails-los-angeles?osq=Restaurants
39. Golden Lake Eatery Cambodian Restaurant,https://www.yelp.com/biz/golden-lake-eatery-cambodian-restaurant-los-angeles-2?osq=Restaurants
40. Brothers Cousins Tacos,https://www.yelp.com/biz/brothers-cousins-tacos-los-angeles?osq=Restaurants
88 Hotdog & Juicy,https://www.yelp.com/adredir?ad_business_id=q8QnXC1jgonmFBinZUk75w&campaign_id=oHkJCvzY3bynVBp1h7MNaw&click_origin=search_results&placement=vertical_0&placement_slot=0&redirect_url=https%3A%2F%2Fwww.yelp.com%2Fbiz%2F88-hotdog-and-juicy-los-angeles-5&request_id=2c2902ada19162d8&signature=ab0748137f3a06535627c61ee6cd19b26d3f61314aef7730cfe9c77906059fc2&slot=1
41. Love Hour,https://www.yelp.com/biz/love-hour-los-angeles-2?osq=Restaurants
42. CJ’s Cafe,https://www.yelp.com/biz/cj-s-cafe-los-angeles?osq=Restaurants
43. Grace Cafe,https://www.yelp.com/biz/grace-cafe-los-angeles-2?osq=Restaurants
44. Go Get Em Tiger,https://www.yelp.com/biz/go-get-em-tiger-los-angeles-9?osq=Restaurants
45. Bento Woman,https://www.yelp.com/biz/bento-woman-los-angeles-6?osq=Restaurants
46. Tak’s Coffee Shop,https://www.yelp.com/biz/taks-coffee-shop-los-angeles?osq=Restaurants
47. Best Fish Taco In Ensenada,https://www.yelp.com/biz/best-fish-taco-in-ensenada-los-angeles?osq=Restaurants
48. Thai Food Express,https://www.yelp.com/biz/thai-food-express-los-angeles?osq=Restaurants
49. Bak’s Kitchen,https://www.yelp.com/biz/baks-kitchen-los-angeles-2?osq=Restaurants
50. La Cocinita,https://www.yelp.com/biz/la-cocinita-los-angeles?osq=Restaurants
88 Hotdog & Juicy,https://www.yelp.com/adredir?ad_business_id=q8QnXC1jgonmFBinZUk75w&campaign_id=oHkJCvzY3bynVBp1h7MNaw&click_origin=search_results&placement=vertical_0&placement_slot=0&redirect_url=https%3A%2F%2Fwww.yelp.com%2Fbiz%2F88-hotdog-and-juicy-los-angeles-5&request_id=76f7d7af0bc8e56a&signature=b2d119924bead13edbafa582040da06d18114e24b7931000d8d32959648ab88d&slot=2
51. Ululani’s Hawaiian Shave Ice,https://www.yelp.com/biz/ululanis-hawaiian-shave-ice-los-angeles?osq=Restaurants
52. New China Mongolian Bbq,https://www.yelp.com/biz/new-china-mongolian-bbq-los-angeles?osq=Restaurants
53. Kim’s Restaurant,https://www.yelp.com/biz/kims-restaurant-los-angeles-2?osq=Restaurants
54. Jurassic Magic,https://www.yelp.com/biz/jurassic-magic-los-angeles-2?osq=Restaurants
55. El Chato Taco Truck,https://www.yelp.com/biz/el-chato-taco-truck-los-angeles-2?osq=Restaurants
56. Yet Gol,https://www.yelp.com/biz/yet-gol-los-angeles?osq=Restaurants
57. California Bowl,https://www.yelp.com/biz/california-bowl-los-angeles?osq=Restaurants
58. South LA Cafe,https://www.yelp.com/biz/south-la-cafe-los-angeles-2?osq=Restaurants
59. Cafe Bandal,https://www.yelp.com/biz/cafe-bandal-los-angeles?osq=Restaurants
60. Paros Chicken,https://www.yelp.com/biz/paros-chicken-los-angeles?osq=Restaurants
88 Hotdog & Juicy,https://www.yelp.com/adredir?ad_business_id=q8QnXC1jgonmFBinZUk75w&campaign_id=oHkJCvzY3bynVBp1h7MNaw&click_origin=search_results&placement=vertical_0&placement_slot=0&redirect_url=https%3A%2F%2Fwww.yelp.com%2Fbiz%2F88-hotdog-and-juicy-los-angeles-5&request_id=9df811b34809250d&signature=5daa28590e9f1d8ca155d9dde4cf167e9fb23ce0496f7163454d789b63809862&slot=2
61. Nat’s Thai Food,https://www.yelp.com/biz/nats-thai-food-los-angeles?osq=Restaurants
62. Karihang-Pinoy,https://www.yelp.com/biz/karihang-pinoy-los-angeles?osq=Restaurants
63. HotBox Burgers,https://www.yelp.com/biz/hotbox-burgers-los-angeles?osq=Restaurants
64. Cloak & Dinner,https://www.yelp.com/biz/cloak-and-dinner-los-angeles?osq=Restaurants
65. Cielito Lindo,https://www.yelp.com/biz/cielito-lindo-los-angeles?osq=Restaurants
66. Fika Fika Coffee & Creamery,https://www.yelp.com/biz/fika-fika-coffee-and-creamery-los-angeles-6?osq=Restaurants
67. Roji Bakery,https://www.yelp.com/biz/roji-bakery-los-angeles-4?osq=Restaurants
68. Zamora Brothers,https://www.yelp.com/biz/zamora-brothers-los-angeles?osq=Restaurants
69. Splurge,https://www.yelp.com/biz/splurge-beverly-hills?osq=Restaurants
70. Indimex Eats Indian Restaurant,https://www.yelp.com/biz/indimex-eats-indian-restaurant-los-angeles-4?osq=Restaurants
88 Hotdog & Juicy,https://www.yelp.com/adredir?ad_business_id=q8QnXC1jgonmFBinZUk75w&campaign_id=oHkJCvzY3bynVBp1h7MNaw&click_origin=search_results&placement=vertical_0&placement_slot=0&redirect_url=https%3A%2F%2Fwww.yelp.com%2Fbiz%2F88-hotdog-and-juicy-los-angeles-5&request_id=c9aeab48f6d452ec&signature=0f4573238ddf6ea0f07505ffebd729b1a4dc5d3c167902d7c3ef6d3d0b00255a&slot=2
71. Fish Only Restaurant,https://www.yelp.com/biz/fish-only-restaurant-los-angeles-2?osq=Restaurants
72. Juanita’s Café,https://www.yelp.com/biz/juanitas-caf%C3%A9-los-angeles-2?osq=Restaurants
73. Mi Teresita Taco Truck,https://www.yelp.com/biz/mi-teresita-taco-truck-los-angeles?osq=Restaurants
74. Señorita’s Tamales,https://www.yelp.com/biz/se%C3%B1oritas-tamales-los-angeles?osq=Restaurants
75. Rny Coffee Studio,https://www.yelp.com/biz/rny-coffee-studio-los-angeles?osq=Restaurants
76. Leo’s Tacos Truck,https://www.yelp.com/biz/leos-tacos-truck-los-angeles-5?osq=Restaurants
77. Louisiana Pico Seafood,https://www.yelp.com/biz/louisiana-pico-seafood-los-angeles-2?osq=Restaurants
78. LATTC Cafeteria,https://www.yelp.com/biz/lattc-cafeteria-los-angeles?osq=Restaurants
79. El Corredor,https://www.yelp.com/biz/el-corredor-los-angeles?osq=Restaurants
80. Siam Sunset,https://www.yelp.com/biz/siam-sunset-los-angeles?osq=Restaurants
88 Hotdog & Juicy,https://www.yelp.com/adredir?ad_business_id=q8QnXC1jgonmFBinZUk75w&campaign_id=oHkJCvzY3bynVBp1h7MNaw&click_origin=search_results&placement=vertical_0&placement_slot=0&redirect_url=https%3A%2F%2Fwww.yelp.com%2Fbiz%2F88-hotdog-and-juicy-los-angeles-5&request_id=9f94c2c503542700&signature=1a81c8f5e0101572aa8efa7c6640cf62ff512176ccb23077e6b7f3176dfd7fe7&slot=2
81. California Grill Restaurant,https://www.yelp.com/biz/california-grill-restaurant-los-angeles?osq=Restaurants
82. Yeems Coffee,https://www.yelp.com/biz/yeems-coffee-los-angeles-2?osq=Restaurants
83. Burger Factory,https://www.yelp.com/biz/burger-factory-los-angeles-3?osq=Restaurants
84. Tacos 1986,https://www.yelp.com/biz/tacos-1986-los-angeles-3?osq=Restaurants
85. Mae Ting’s Coconut Cakes,https://www.yelp.com/biz/mae-tings-coconut-cakes-los-angeles?osq=Restaurants
86. Yeol Cha U Dong,https://www.yelp.com/biz/yeol-cha-u-dong-los-angeles?osq=Restaurants
87. Brothecary,https://www.yelp.com/biz/brothecary-los-angeles?osq=Restaurants
88. Boda Restaurant,https://www.yelp.com/biz/boda-restaurant-los-angeles?osq=Restaurants
89. RLA Cafe,https://www.yelp.com/biz/rla-cafe-los-angeles-6?osq=Restaurants
90. Sergio’s Hot Food,https://www.yelp.com/biz/sergios-hot-food-los-angeles?osq=Restaurants
88 Hotdog & Juicy,https://www.yelp.com/adredir?ad_business_id=q8QnXC1jgonmFBinZUk75w&campaign_id=oHkJCvzY3bynVBp1h7MNaw&click_origin=search_results&placement=vertical_0&placement_slot=0&redirect_url=https%3A%2F%2Fwww.yelp.com%2Fbiz%2F88-hotdog-and-juicy-los-angeles-5&request_id=9b8ff077e393b15a&signature=cee65b80ed74d7844c6a8109d17ad910ad681ce63d6f2a90c8a03caafc39ae87&slot=2
91. Mima’s Mediterranean & Homemade Food,https://www.yelp.com/biz/mimas-mediterranean-and-homemade-food-los-angeles-4?osq=Restaurants
92. 88 Hotdog & Juicy,https://www.yelp.com/biz/88-hotdog-and-juicy-los-angeles-5?osq=Restaurants
93. East Los Angeles Tacos,https://www.yelp.com/biz/east-los-angeles-tacos-los-angeles?osq=Restaurants
94. Mitsuru Cafe,https://www.yelp.com/biz/mitsuru-cafe-los-angeles?osq=Restaurants
95. The Carbon Grill,https://www.yelp.com/biz/the-carbon-grill-los-angeles?osq=Restaurants
96. Oki’s Dog,https://www.yelp.com/biz/okis-dog-los-angeles?osq=Restaurants
97. Cafe Dulce,https://www.yelp.com/biz/cafe-dulce-los-angeles-5?osq=Restaurants
98. Tacos El Compita,https://www.yelp.com/biz/tacos-el-compita-los-angeles-4?osq=Restaurants
99. Phat Daddy’s,https://www.yelp.com/biz/phat-daddys-los-angeles-3?osq=Restaurants
100. Bibi’s Bakery & Cafe,https://www.yelp.com/biz/bibis-bakery-and-cafe-los-angeles-6?osq=Restaurants
88 Hotdog & Juicy,https://www.yelp.com/adredir?ad_business_id=q8QnXC1jgonmFBinZUk75w&campaign_id=oHkJCvzY3bynVBp1h7MNaw&click_origin=search_results&placement=vertical_0&placement_slot=0&redirect_url=https%3A%2F%2Fwww.yelp.com%2Fbiz%2F88-hotdog-and-juicy-los-angeles-5&request_id=a62a0b657d04fb69&signature=e1dc933dfcd13b321d41ec1746fde84164b6fe0fa586fbf3d277baef8ccf9266&slot=1
101. Two Hands Hotdog,https://www.yelp.com/biz/two-hands-hotdog-los-angeles?osq=Restaurants
102. Yang Ga Neh,https://www.yelp.com/biz/yang-ga-neh-los-angeles-2?osq=Restaurants
103. Hungry Harold’s,https://www.yelp.com/biz/hungry-harolds-los-angeles?osq=Restaurants
104. Oriental House,https://www.yelp.com/biz/oriental-house-los-angeles?osq=Restaurants
105. Hanbang Boyangtang,https://www.yelp.com/biz/hanbang-boyangtang-los-angeles?osq=Restaurants
106. Cathedral Plaza Cafe,https://www.yelp.com/biz/cathedral-plaza-cafe-los-angeles?osq=Restaurants
107. Anny’s,https://www.yelp.com/biz/annys-beverly-hills?osq=Restaurants
108. Nothing But Coffee,https://www.yelp.com/biz/nothing-but-coffee-los-angeles-11?osq=Restaurants
109. Planet Restaurant & Pizza,https://www.yelp.com/biz/planet-restaurant-and-pizza-los-angeles-4?osq=Restaurants
110. Thai Deli,https://www.yelp.com/biz/thai-deli-los-angeles?osq=Restaurants
111. Metro Cafe,https://www.yelp.com/biz/metro-cafe-los-angeles?osq=Restaurants
112. Hong Kong Jham Phong,https://www.yelp.com/biz/hong-kong-jham-phong-los-angeles-4?osq=Restaurants
113. The Garbage Truck,https://www.yelp.com/biz/the-garbage-truck-los-angeles?osq=Restaurants
114. Hot Dog Lady,https://www.yelp.com/biz/hot-dog-lady-los-angeles-3?osq=Restaurants
115. Kogi Taqueria,https://www.yelp.com/biz/kogi-taqueria-los-angeles?osq=Restaurants
116. Shucks Oyster Company,https://www.yelp.com/biz/shucks-oyster-company-los-angeles?osq=Restaurants
117. Chinatown Express,https://www.yelp.com/biz/chinatown-express-los-angeles-14?osq=Restaurants
118. LAX-C,https://www.yelp.com/biz/lax-c-los-angeles?osq=Restaurants
119. Bomb Foods,https://www.yelp.com/biz/bomb-foods-los-angeles?osq=Restaurants
120. Viking Pizza and Kabob,https://www.yelp.com/biz/viking-pizza-and-kabob-los-angeles?osq=Restaurants
88 Hotdog & Juicy,https://www.yelp.com/adredir?ad_business_id=q8QnXC1jgonmFBinZUk75w&campaign_id=oHkJCvzY3bynVBp1h7MNaw&click_origin=search_results&placement=vertical_0&placement_slot=0&redirect_url=https%3A%2F%2Fwww.yelp.com%2Fbiz%2F88-hotdog-and-juicy-los-angeles-5&request_id=eb1797e7826f14ee&signature=fb13684af69e2b2d0550baed1cc6ed2cc7a15eb90f52c4c5e3acb63d5b978888&slot=1
121. Fred’s Bakery & Deli,https://www.yelp.com/biz/freds-bakery-and-deli-los-angeles-3?osq=Restaurants
122. Frogtowns Gourmet Tacos,https://www.yelp.com/biz/frogtowns-gourmet-tacos-los-angeles-5?osq=Restaurants
123. Cafe Upper,https://www.yelp.com/biz/cafe-upper-los-angeles?osq=Restaurants
124. My Mango Sticky Rice,https://www.yelp.com/biz/my-mango-sticky-rice-los-angeles?osq=Restaurants
125. My Dung Sandwich Shop,https://www.yelp.com/biz/my-dung-sandwich-shop-los-angeles?osq=Restaurants
126. Okayama Kobo Bakery & Cafe,https://www.yelp.com/biz/okayama-kobo-bakery-and-cafe-los-angeles-2?osq=Restaurants
127. Tangtastic,https://www.yelp.com/biz/tangtastic-los-angeles-3?osq=Restaurants
128. La Señora de Los Tamales,https://www.yelp.com/biz/la-se%C3%B1ora-de-los-tamales-los-angeles?osq=Restaurants
129. Menchitas Grill Restaurant Y Pupuseria,https://www.yelp.com/biz/menchitas-grill-restaurant-y-pupuseria-los-angeles?osq=Restaurants
130. Clemen’s Restaurant,https://www.yelp.com/biz/clemens-restaurant-los-angeles?osq=Restaurants
131. Sam’s Bagels,https://www.yelp.com/biz/sams-bagels-los-angeles-2?osq=Restaurants
132. Tacos Tumbras a Tomas,https://www.yelp.com/biz/tacos-tumbras-a-tomas-los-angeles?osq=Restaurants
133. Mariscos Jalisco,https://www.yelp.com/biz/mariscos-jalisco-los-angeles-3?osq=Restaurants
134. Shanghai Walk,https://www.yelp.com/biz/shanghai-walk-los-angeles?osq=Restaurants
135. Little Tokyo Taiyaki,https://www.yelp.com/biz/little-tokyo-taiyaki-los-angeles-9?osq=Restaurants
136. Oishi Teriyaki,https://www.yelp.com/biz/oishi-teriyaki-los-angeles-2?osq=Restaurants
137. Bianca’s Deli,https://www.yelp.com/biz/biancas-deli-los-angeles-2?osq=Restaurants
138. Awesome Coffee,https://www.yelp.com/biz/awesome-coffee-los-angeles-2?osq=Restaurants
139. B Twentyfour,https://www.yelp.com/biz/b-twentyfour-los-angeles?osq=Restaurants
140. Maxim Chinese Food,https://www.yelp.com/biz/maxim-chinese-food-los-angeles?osq=Restaurants
141. Somemore LA,https://www.yelp.com/biz/somemore-la-los-angeles?osq=Restaurants
142. Tamales Alberto,https://www.yelp.com/biz/tamales-alberto-los-angeles-2?osq=Restaurants
143. SK Donuts & Croissant,https://www.yelp.com/biz/sk-donuts-and-croissant-los-angeles?osq=Restaurants
144. El Comal,https://www.yelp.com/biz/el-comal-los-angeles?osq=Restaurants
145. Astro Burger,https://www.yelp.com/biz/astro-burger-los-angeles?osq=Restaurants
146. American Deli,https://www.yelp.com/biz/american-deli-los-angeles-3?osq=Restaurants
147. Chocolate Cafe Kitchen,https://www.yelp.com/biz/chocolate-cafe-kitchen-los-angeles-2?osq=Restaurants
148. 3 Birds,https://www.yelp.com/biz/3-birds-los-angeles-3?osq=Restaurants
149. In-N-Out Burger,https://www.yelp.com/biz/in-n-out-burger-hollywood?osq=Restaurants
150. Yummy’s,https://www.yelp.com/biz/yummys-beverly-hills?osq=Restaurants
151. Golden Burger 11,https://www.yelp.com/biz/golden-burger-11-los-angeles?osq=Restaurants
152. Gam Tu Bop,https://www.yelp.com/biz/gam-tu-bop-glendale-5?osq=Restaurants
153. California Market Gimbap & Udon,https://www.yelp.com/biz/california-market-gimbap-and-udon-los-angeles?osq=Restaurants
154. South LA Cafe,https://www.yelp.com/biz/south-la-cafe-los-angeles?osq=Restaurants
155. Noah’s NY Bagels,https://www.yelp.com/biz/noahs-ny-bagels-los-angeles-2?osq=Restaurants
156. Meze,https://www.yelp.com/biz/meze-los-angeles-2?osq=Restaurants
157. Daniels Katsu and Fries,https://www.yelp.com/biz/daniels-katsu-and-fries-los-angeles-4?osq=Restaurants
158. Sunny Blue,https://www.yelp.com/biz/sunny-blue-los-angeles-5?osq=Restaurants
159. Avenue 26 Tacos,https://www.yelp.com/biz/avenue-26-tacos-los-angeles-2?osq=Restaurants
160. Casa Noodle Teriyaki,https://www.yelp.com/biz/casa-noodle-teriyaki-los-angeles-2?osq=Restaurants
161. Tacos Villa Corona,https://www.yelp.com/biz/tacos-villa-corona-los-angeles?osq=Restaurants
162. El Flamin’ Taco,https://www.yelp.com/biz/el-flamin-taco-los-angeles-13?osq=Restaurants
163. Taron Bakery,https://www.yelp.com/biz/taron-bakery-los-angeles?osq=Restaurants
164. Brasil Kiss Coffeebar,https://www.yelp.com/biz/brasil-kiss-coffeebar-los-angeles-2?osq=Restaurants
165. Tacos Los Cholos - Huntington Park,https://www.yelp.com/biz/tacos-los-cholos-huntington-park-huntington-park?osq=Restaurants
166. Bhan Kanom Thai,https://www.yelp.com/biz/bhan-kanom-thai-los-angeles?osq=Restaurants
167. Dona Felix Restaurant,https://www.yelp.com/biz/dona-felix-restaurant-los-angeles?osq=Restaurants
168. South LA Cafe,https://www.yelp.com/biz/south-la-cafe-los-angeles-4?osq=Restaurants
169. Chales Kitchen & Cantina,https://www.yelp.com/biz/chales-kitchen-and-cantina-los-angeles?osq=Restaurants
170. Juana La Cubana,https://www.yelp.com/biz/juana-la-cubana-los-angeles?osq=Restaurants
171. Coin De Rue Bakery & Cafe,https://www.yelp.com/biz/coin-de-rue-bakery-and-cafe-los-angeles?osq=Restaurants
172. Rikis’s Tacos,https://www.yelp.com/biz/rikiss-tacos-los-angeles-3?osq=Restaurants
173. Maple Restaurant,https://www.yelp.com/biz/maple-restaurant-los-angeles?osq=Restaurants
174. Hawaiian BBQ House,https://www.yelp.com/biz/hawaiian-bbq-house-los-angeles-2?osq=Restaurants
175. Fondry,https://www.yelp.com/biz/fondry-los-angeles-2?osq=Restaurants
176. Pao Jao Dumpling House,https://www.yelp.com/biz/pao-jao-dumpling-house-los-angeles?osq=Restaurants
177. Tacos Tamix,https://www.yelp.com/biz/tacos-tamix-los-angeles-2?osq=Restaurants
178. Cafe Nemo,https://www.yelp.com/biz/cafe-nemo-los-angeles?osq=Restaurants
179. Prime Pizza,https://www.yelp.com/biz/prime-pizza-los-angeles-4?osq=Restaurants
180. Charlie’s Kosher Delicatessen,https://www.yelp.com/biz/charlies-kosher-delicatessen-los-angeles?osq=Restaurants
181. Brasil Kiss Coffeebar,https://www.yelp.com/biz/brasil-kiss-coffeebar-los-angeles-3?osq=Restaurants
182. Aurelia’s Restaurant And Catering,https://www.yelp.com/biz/aurelias-restaurant-and-catering-los-angeles?osq=Restaurants
183. Curson Café,https://www.yelp.com/biz/curson-caf%C3%A9-los-angeles?osq=Restaurants
184. Tacos Gavilan,https://www.yelp.com/biz/tacos-gavilan-los-angeles?osq=Restaurants
185. Kogi BBQ Truck,https://www.yelp.com/biz/kogi-bbq-truck-los-angeles-2?osq=Restaurants
186. Le Cafe Noir,https://www.yelp.com/biz/le-cafe-noir-los-angeles?osq=Restaurants
187. AWAN,https://www.yelp.com/biz/awan-west-hollywood-2?osq=Restaurants
188. Jong Won Paik’s Noodle House,https://www.yelp.com/biz/jong-won-paiks-noodle-house-los-angeles?osq=Restaurants
189. 2 For 1 Pizza,https://www.yelp.com/biz/2-for-1-pizza-los-angeles-8?osq=Restaurants
190. Yi Fang Taiwan Fruit Tea,https://www.yelp.com/biz/yi-fang-taiwan-fruit-tea-los-angeles?osq=Restaurants
191. Groundwork Coffee,https://www.yelp.com/biz/groundwork-coffee-los-angeles-26?osq=Restaurants
192. Melkam Ethiopian Restaurant,https://www.yelp.com/biz/melkam-ethiopian-restaurant-los-angeles?osq=Restaurants
193. Tacos Locos,https://www.yelp.com/biz/tacos-locos-los-angeles?osq=Restaurants
194. Tijuana Dogs,https://www.yelp.com/biz/tijuana-dogs-los-angeles?osq=Restaurants
195. Dixie Hollywood Hotel Restaurant,https://www.yelp.com/biz/dixie-hollywood-hotel-restaurant-los-angeles?osq=Restaurants
196. Wool Um Ma Restaurant,https://www.yelp.com/biz/wool-um-ma-restaurant-los-angeles?osq=Restaurants
197. Shalom Pizza,https://www.yelp.com/biz/shalom-pizza-los-angeles-3?osq=Restaurants
198. The Win-Dow Silver Lake,https://www.yelp.com/biz/the-win-dow-silver-lake-los-angeles-3?osq=Restaurants
199. Bearology Hollywood,https://www.yelp.com/biz/bearology-hollywood-hollywood?osq=Restaurants
200. Hong Kong Banjum,https://www.yelp.com/biz/hong-kong-banjum-los-angeles-4?osq=Restaurants
201. Mariscos Jalisco,https://www.yelp.com/biz/mariscos-jalisco-los-angeles-2?osq=Restaurants
202. Mom’s Donut and Chinese Food to Go,https://www.yelp.com/biz/moms-donut-and-chinese-food-to-go-los-angeles?osq=Restaurants
203. Trimana,https://www.yelp.com/biz/trimana-beverly-hills-2?osq=Restaurants
204. Mama’s International Tamales,https://www.yelp.com/biz/mamas-international-tamales-los-angeles-3?osq=Restaurants
205. El Charro Restaurant,https://www.yelp.com/biz/el-charro-restaurant-los-angeles?osq=Restaurants
206. Academy Cafe,https://www.yelp.com/biz/academy-cafe-los-angeles-2?osq=Restaurants
207. Kae Sung Market,https://www.yelp.com/biz/kae-sung-market-los-angeles?osq=Restaurants
208. Playas El Salvador,https://www.yelp.com/biz/playas-el-salvador-los-angeles?osq=Restaurants
209. Lupita’s Hot Dogs,https://www.yelp.com/biz/lupitas-hot-dogs-los-angeles?osq=Restaurants
210. Masa Tortilleria,https://www.yelp.com/biz/masa-tortilleria-los-angeles?osq=Restaurants
211. Burritos Sahuayo,https://www.yelp.com/biz/burritos-sahuayo-los-angeles?osq=Restaurants
212. Tonkatsu House,https://www.yelp.com/biz/tonkatsu-house-los-angeles?osq=Restaurants
213. Bistro On The Boulevard,https://www.yelp.com/biz/bistro-on-the-boulevard-los-angeles?osq=Restaurants
214. Tacos Listo,https://www.yelp.com/biz/tacos-listo-los-angeles?osq=Restaurants
215. United Bread & Pastry,https://www.yelp.com/biz/united-bread-and-pastry-los-angeles?osq=Restaurants
216. Panaderia Cuscatleca,https://www.yelp.com/biz/panaderia-cuscatleca-los-angeles?osq=Restaurants
217. Mochinut Downtown LA,https://www.yelp.com/biz/mochinut-downtown-la-los-angeles-3?osq=Restaurants
218. Mr V’s Cheesesteak On Wheels,https://www.yelp.com/biz/mr-vs-cheesesteak-on-wheels-los-angeles?osq=Restaurants
219. Mom’s House,https://www.yelp.com/biz/moms-house-los-angeles?osq=Restaurants
220. The Griddler Truck,https://www.yelp.com/biz/the-griddler-truck-los-angeles?osq=Restaurants
221. Los Alcatraces Restaurant,https://www.yelp.com/biz/los-alcatraces-restaurant-los-angeles?osq=Restaurants
222. Los Poblanos,https://www.yelp.com/biz/los-poblanos-los-angeles?osq=Restaurants
223. Little Beijing,https://www.yelp.com/biz/little-beijing-los-angeles-8?osq=Restaurants
224. El Burrito Panzon,https://www.yelp.com/biz/el-burrito-panzon-los-angeles?osq=Restaurants
225. Coffee MCO,https://www.yelp.com/biz/coffee-mco-los-angeles?osq=Restaurants
226. Urban Espresso,https://www.yelp.com/biz/urban-espresso-los-angeles-6?osq=Restaurants
227. El Camacho Restaurante Nicaraguense,https://www.yelp.com/biz/el-camacho-restaurante-nicaraguense-los-angeles?osq=Restaurants
228. Rainbow Cafe,https://www.yelp.com/biz/rainbow-cafe-los-angeles?osq=Restaurants
229. Los Molcajetes,https://www.yelp.com/biz/los-molcajetes-los-angeles-6?osq=Restaurants
230. Angel’s Tijuana Tacos,https://www.yelp.com/biz/angels-tijuana-tacos-los-angeles-2?osq=Restaurants
231. HK Chicken,https://www.yelp.com/biz/hk-chicken-los-angeles?osq=Restaurants
232. Correas Mariscos & Cocina,https://www.yelp.com/biz/correas-mariscos-and-cocina-los-angeles-4?osq=Restaurants
233. Villa Moreliana,https://www.yelp.com/biz/villa-moreliana-los-angeles-5?osq=Restaurants
234. Falafel Arax,https://www.yelp.com/biz/falafel-arax-los-angeles?osq=Restaurants
235. El Pollo Loco,https://www.yelp.com/biz/el-pollo-loco-los-angeles-70?osq=Restaurants
236. Torta Movil,https://www.yelp.com/biz/torta-movil-los-angeles?osq=Restaurants
237. Amay’s Bakery & Noodle,https://www.yelp.com/biz/amays-bakery-and-noodle-los-angeles?osq=Restaurants
238. Carnitas El Momo,https://www.yelp.com/biz/carnitas-el-momo-los-angeles-2?osq=Restaurants
239. Citrus On Sunset,https://www.yelp.com/biz/citrus-on-sunset-west-hollywood?osq=Restaurants
240. Seree Coffee Shop,https://www.yelp.com/biz/seree-coffee-shop-los-angeles-2?osq=Restaurants
